household_id,year,month,number_of_residents,appliance_count,total_rated_power_w,previous_month_kwh,previous_2_month_kwh,previous_3_month_kwh,average_last_3_months_kwh,target_next_month_kwh
1,2025,1,6,8,3409,93.489,118.774,237.972,150.078,136.634
1,2025,2,6,8,3409,136.634,93.489,118.774,116.299,130.444
1,2025,3,6,8,3409,130.444,136.634,93.489,120.189,127.503
1,2025,4,6,8,3409,127.503,130.444,136.634,131.527,137.36
1,2025,5,6,8,3409,137.36,127.503,130.444,131.769,120.78
1,2025,6,6,8,3409,120.78,137.36,127.503,128.548,120.222
1,2025,7,6,8,3409,120.222,120.78,137.36,126.121,122.57
1,2025,8,6,8,3409,122.57,120.222,120.78,121.191,129.954
1,2025,9,6,8,3409,129.954,122.57,120.222,124.248,131.024
1,2025,10,6,8,3409,131.024,129.954,122.57,127.849,138.367
1,2025,11,6,8,3409,138.367,131.024,129.954,133.115,141.876
1,2025,12,6,8,3409,141.876,138.367,131.024,137.089,136.402
1,2026,1,6,8,3409,136.402,141.876,138.367,138.882,138.638
1,2026,2,6,8,3409,138.638,136.402,141.876,138.972,133.575
1,2026,3,6,8,3409,133.575,138.638,136.402,136.205,149.233
1,2026,4,6,8,3409,149.233,133.575,138.638,140.482,149.126
1,2026,5,6,8,3409,149.126,149.233,133.575,143.978,133.773
1,2026,6,6,8,3409,133.773,149.126,149.233,144.044,141.711
2,2025,1,3,9,6527,82.259,140.783,289.731,170.924,141.595
2,2025,2,3,9,6527,141.595,82.259,140.783,121.545,127.084
2,2025,3,3,9,6527,127.084,141.595,82.259,116.979,116.346
2,2025,4,3,9,6527,116.346,127.084,141.595,128.342,130.97
2,2025,5,3,9,6527,130.97,116.346,127.084,124.8,125.992
2,2025,6,3,9,6527,125.992,130.97,116.346,124.436,119.914
2,2025,7,3,9,6527,119.914,125.992,130.97,125.625,133.912
2,2025,8,3,9,6527,133.912,119.914,125.992,126.606,116.811
2,2025,9,3,9,6527,116.811,133.912,119.914,123.546,119.72
2,2025,10,3,9,6527,119.72,116.811,133.912,123.481,127.993
2,2025,11,3,9,6527,127.993,119.72,116.811,121.508,120.187
2,2025,12,3,9,6527,120.187,127.993,119.72,122.633,128.326
2,2026,1,3,9,6527,128.326,120.187,127.993,125.502,121.947
2,2026,2,3,9,6527,121.947,128.326,120.187,123.487,124.252
2,2026,3,3,9,6527,124.252,121.947,128.326,124.842,105.506
2,2026,4,3,9,6527,105.506,124.252,121.947,117.235,105.263
2,2026,5,3,9,6527,105.263,105.506,124.252,111.674,102.937
2,2026,6,3,9,6527,102.937,105.263,105.506,104.569,91.32
3,2025,1,2,8,9227,147.56,212.564,126.714,162.279,137.815
3,2025,2,2,8,9227,137.815,147.56,212.564,165.98,135.77
3,2025,3,2,8,9227,135.77,137.815,147.56,140.381,118.295
3,2025,4,2,8,9227,118.295,135.77,137.815,130.627,131.07
3,2025,5,2,8,9227,131.07,118.295,135.77,128.378,120.725
3,2025,6,2,8,9227,120.725,131.07,118.295,123.363,115.796
3,2025,7,2,8,9227,115.796,120.725,131.07,122.53,102.032
3,2025,8,2,8,9227,102.032,115.796,120.725,112.851,111.512
3,2025,9,2,8,9227,111.512,102.032,115.796,109.78,92.237
3,2025,10,2,8,9227,92.237,111.512,102.032,101.927,92.829
3,2025,11,2,8,9227,92.829,92.237,111.512,98.859,108.83
3,2025,12,2,8,9227,108.83,92.829,92.237,97.965,97.674
3,2026,1,2,8,9227,97.674,108.83,92.829,99.778,96.542
3,2026,2,2,8,9227,96.542,97.674,108.83,101.015,101.3
3,2026,3,2,8,9227,101.3,96.542,97.674,98.505,104.165
3,2026,4,2,8,9227,104.165,101.3,96.542,100.669,103.782
3,2026,5,2,8,9227,103.782,104.165,101.3,103.082,89.183
3,2026,6,2,8,9227,89.183,103.782,104.165,99.043,80.245
4,2025,1,3,17,7386,196.123,279.153,75.885,183.72,181.828
4,2025,2,3,17,7386,181.828,196.123,279.153,219.035,193.155
4,2025,3,3,17,7386,193.155,181.828,196.123,190.369,180.253
4,2025,4,3,17,7386,180.253,193.155,181.828,185.079,187.849
4,2025,5,3,17,7386,187.849,180.253,193.155,187.086,182.1
4,2025,6,3,17,7386,182.1,187.849,180.253,183.401,164.337
4,2025,7,3,17,7386,164.337,182.1,187.849,178.095,160.26
4,2025,8,3,17,7386,160.26,164.337,182.1,168.899,171.524
4,2025,9,3,17,7386,171.524,160.26,164.337,165.374,162.7
4,2025,10,3,17,7386,162.7,171.524,160.26,164.828,168.531
4,2025,11,3,17,7386,168.531,162.7,171.524,167.585,161.042
4,2025,12,3,17,7386,161.042,168.531,162.7,164.091,163.074
4,2026,1,3,17,7386,163.074,161.042,168.531,164.216,156.522
4,2026,2,3,17,7386,156.522,163.074,161.042,160.213,172.579
4,2026,3,3,17,7386,172.579,156.522,163.074,164.058,149.694
4,2026,4,3,17,7386,149.694,172.579,156.522,159.598,157.004
4,2026,5,3,17,7386,157.004,149.694,172.579,159.759,164.993
4,2026,6,3,17,7386,164.993,157.004,149.694,157.23,166.256
5,2025,1,2,10,14149,151.589,75.247,161.318,129.385,134.922
5,2025,2,2,10,14149,134.922,151.589,75.247,120.586,114.313
5,2025,3,2,10,14149,114.313,134.922,151.589,133.608,137.338
5,2025,4,2,10,14149,137.338,114.313,134.922,128.858,130.467
5,2025,5,2,10,14149,130.467,137.338,114.313,127.373,103.874
5,2025,6,2,10,14149,103.874,130.467,137.338,123.893,122.541
5,2025,7,2,10,14149,122.541,103.874,130.467,118.961,117.672
5,2025,8,2,10,14149,117.672,122.541,103.874,114.696,110.131
5,2025,9,2,10,14149,110.131,117.672,122.541,116.781,103.591
5,2025,10,2,10,14149,103.591,110.131,117.672,110.464,110.077
5,2025,11,2,10,14149,110.077,103.591,110.131,107.933,92.296
5,2025,12,2,10,14149,92.296,110.077,103.591,101.988,97.534
5,2026,1,2,10,14149,97.534,92.296,110.077,99.969,96.589
5,2026,2,2,10,14149,96.589,97.534,92.296,95.473,108.219
5,2026,3,2,10,14149,108.219,96.589,97.534,100.781,109.861
5,2026,4,2,10,14149,109.861,108.219,96.589,104.89,94.569
5,2026,5,2,10,14149,94.569,109.861,108.219,104.216,101.18
5,2026,6,2,10,14149,101.18,94.569,109.861,101.87,89.762
6,2025,1,1,14,13468,149.739,107.739,181.839,146.439,124.676
6,2025,2,1,14,13468,124.676,149.739,107.739,127.385,134.143
6,2025,3,1,14,13468,134.143,124.676,149.739,136.186,139.813
6,2025,4,1,14,13468,139.813,134.143,124.676,132.877,137.213
6,2025,5,1,14,13468,137.213,139.813,134.143,137.056,130.761
6,2025,6,1,14,13468,130.761,137.213,139.813,135.929,126.605
6,2025,7,1,14,13468,126.605,130.761,137.213,131.526,112.001
6,2025,8,1,14,13468,112.001,126.605,130.761,123.122,113.231
6,2025,9,1,14,13468,113.231,112.001,126.605,117.279,127.519
6,2025,10,1,14,13468,127.519,113.231,112.001,117.583,122.391
6,2025,11,1,14,13468,122.391,127.519,113.231,121.047,107.969
6,2025,12,1,14,13468,107.969,122.391,127.519,119.293,106.696
6,2026,1,1,14,13468,106.696,107.969,122.391,112.352,111.284
6,2026,2,1,14,13468,111.284,106.696,107.969,108.65,93.85
6,2026,3,1,14,13468,93.85,111.284,106.696,103.943,109.915
6,2026,4,1,14,13468,109.915,93.85,111.284,105.016,113.243
6,2026,5,1,14,13468,113.243,109.915,93.85,105.669,118.591
6,2026,6,1,14,13468,118.591,113.243,109.915,113.916,111.418
7,2025,1,2,9,13809,123.614,191.953,174.068,163.211,155.082
7,2025,2,2,9,13809,155.082,123.614,191.953,156.883,136.856
7,2025,3,2,9,13809,136.856,155.082,123.614,138.517,116.742
7,2025,4,2,9,13809,116.742,136.856,155.082,136.226,124.849
7,2025,5,2,9,13809,124.849,116.742,136.856,126.149,123.01
7,2025,6,2,9,13809,123.01,124.849,116.742,121.533,103.685
7,2025,7,2,9,13809,103.685,123.01,124.849,117.181,103.737
7,2025,8,2,9,13809,103.737,103.685,123.01,110.144,118.962
7,2025,9,2,9,13809,118.962,103.737,103.685,108.795,107.592
7,2025,10,2,9,13809,107.592,118.962,103.737,110.097,102.216
7,2025,11,2,9,13809,102.216,107.592,118.962,109.59,104.22
7,2025,12,2,9,13809,104.22,102.216,107.592,104.676,88.637
7,2026,1,2,9,13809,88.637,104.22,102.216,98.358,87.009
7,2026,2,2,9,13809,87.009,88.637,104.22,93.289,86.609
7,2026,3,2,9,13809,86.609,87.009,88.637,87.419,89.713
7,2026,4,2,9,13809,89.713,86.609,87.009,87.777,79.236
7,2026,5,2,9,13809,79.236,89.713,86.609,85.186,76.996
7,2026,6,2,9,13809,76.996,79.236,89.713,81.982,70.116
8,2025,1,6,6,6750,139.303,67.539,76.176,94.339,104.179
8,2025,2,6,6,6750,104.179,139.303,67.539,103.674,104.11
8,2025,3,6,6,6750,104.11,104.179,139.303,115.864,119.46
8,2025,4,6,6,6750,119.46,104.11,104.179,109.25,116.114
8,2025,5,6,6,6750,116.114,119.46,104.11,113.228,124.622
8,2025,6,6,6,6750,124.622,116.114,119.46,120.065,134.521
8,2025,7,6,6,6750,134.521,124.622,116.114,125.086,129.1
8,2025,8,6,6,6750,129.1,134.521,124.622,129.414,122.351
8,2025,9,6,6,6750,122.351,129.1,134.521,128.657,128.682
8,2025,10,6,6,6750,128.682,122.351,129.1,126.711,125.245
8,2025,11,6,6,6750,125.245,128.682,122.351,125.426,114.899
8,2025,12,6,6,6750,114.899,125.245,128.682,122.942,129.976
8,2026,1,6,6,6750,129.976,114.899,125.245,123.373,121.159
8,2026,2,6,6,6750,121.159,129.976,114.899,122.011,121.842
8,2026,3,6,6,6750,121.842,121.159,129.976,124.326,137.159
8,2026,4,6,6,6750,137.159,121.842,121.159,126.72,114.665
8,2026,5,6,6,6750,114.665,137.159,121.842,124.555,131.02
8,2026,6,6,6,6750,131.02,114.665,137.159,127.615,133.097
9,2025,1,1,17,14931,119.678,266.801,141.433,175.971,152.184
9,2025,2,1,17,14931,152.184,119.678,266.801,179.554,162.624
9,2025,3,1,17,14931,162.624,152.184,119.678,144.829,135.778
9,2025,4,1,17,14931,135.778,162.624,152.184,150.195,135.503
9,2025,5,1,17,14931,135.503,135.778,162.624,144.635,130.47
9,2025,6,1,17,14931,130.47,135.503,135.778,133.917,142.636
9,2025,7,1,17,14931,142.636,130.47,135.503,136.203,129.946
9,2025,8,1,17,14931,129.946,142.636,130.47,134.351,141.104
9,2025,9,1,17,14931,141.104,129.946,142.636,137.895,134.431
9,2025,10,1,17,14931,134.431,141.104,129.946,135.16,117.388
9,2025,11,1,17,14931,117.388,134.431,141.104,130.974,142.709
9,2025,12,1,17,14931,142.709,117.388,134.431,131.509,138.213
9,2026,1,1,17,14931,138.213,142.709,117.388,132.77,143.147
9,2026,2,1,17,14931,143.147,138.213,142.709,141.356,148.308
9,2026,3,1,17,14931,148.308,143.147,138.213,143.223,147.378
9,2026,4,1,17,14931,147.378,148.308,143.147,146.278,129.198
9,2026,5,1,17,14931,129.198,147.378,148.308,141.628,135.29
9,2026,6,1,17,14931,135.29,129.198,147.378,137.289,123.879
10,2025,1,4,6,5697,123.649,296.474,150.954,190.359,176.291
10,2025,2,4,6,5697,176.291,123.649,296.474,198.805,172.754
10,2025,3,4,6,5697,172.754,176.291,123.649,157.565,140.864
10,2025,4,4,6,5697,140.864,172.754,176.291,163.303,161.197
10,2025,5,4,6,5697,161.197,140.864,172.754,158.271,158.566
10,2025,6,4,6,5697,158.566,161.197,140.864,153.542,141.83
10,2025,7,4,6,5697,141.83,158.566,161.197,153.864,146.95
10,2025,8,4,6,5697,146.95,141.83,158.566,149.115,126.48
10,2025,9,4,6,5697,126.48,146.95,141.83,138.42,122.716
10,2025,10,4,6,5697,122.716,126.48,146.95,132.049,138.098
10,2025,11,4,6,5697,138.098,122.716,126.48,129.098,124.199
10,2025,12,4,6,5697,124.199,138.098,122.716,128.338,122.519
10,2026,1,4,6,5697,122.519,124.199,138.098,128.272,128.643
10,2026,2,4,6,5697,128.643,122.519,124.199,125.121,105.555
10,2026,3,4,6,5697,105.555,128.643,122.519,118.906,116.705
10,2026,4,4,6,5697,116.705,105.555,128.643,116.968,112.811
10,2026,5,4,6,5697,112.811,116.705,105.555,111.691,119.35
10,2026,6,4,6,5697,119.35,112.811,116.705,116.289,101.939
11,2025,1,5,7,6044,266.837,76.311,76.445,139.864,132.511
11,2025,2,5,7,6044,132.511,266.837,76.311,158.553,162.663
11,2025,3,5,7,6044,162.663,132.511,266.837,187.337,173.093
11,2025,4,5,7,6044,173.093,162.663,132.511,156.089,149.934
11,2025,5,5,7,6044,149.934,173.093,162.663,161.897,138.115
11,2025,6,5,7,6044,138.115,149.934,173.093,153.714,133.245
11,2025,7,5,7,6044,133.245,138.115,149.934,140.431,140.545
11,2025,8,5,7,6044,140.545,133.245,138.115,137.301,135.433
11,2025,9,5,7,6044,135.433,140.545,133.245,136.408,127.297
11,2025,10,5,7,6044,127.297,135.433,140.545,134.425,124.142
11,2025,11,5,7,6044,124.142,127.297,135.433,128.957,132.31
11,2025,12,5,7,6044,132.31,124.142,127.297,127.916,120.862
11,2026,1,5,7,6044,120.862,132.31,124.142,125.771,117.797
11,2026,2,5,7,6044,117.797,120.862,132.31,123.656,112.169
11,2026,3,5,7,6044,112.169,117.797,120.862,116.943,122.572
11,2026,4,5,7,6044,122.572,112.169,117.797,117.512,117.351
11,2026,5,5,7,6044,117.351,122.572,112.169,117.364,131.393
11,2026,6,5,7,6044,131.393,117.351,122.572,123.772,136.401
12,2025,1,1,19,13177,77.583,299.063,299.629,225.425,192.963
12,2025,2,1,19,13177,192.963,77.583,299.063,189.87,167.858
12,2025,3,1,19,13177,167.858,192.963,77.583,146.135,155.099
12,2025,4,1,19,13177,155.099,167.858,192.963,171.973,172.906
12,2025,5,1,19,13177,172.906,155.099,167.858,165.288,167.844
12,2025,6,1,19,13177,167.844,172.906,155.099,165.283,152.548
12,2025,7,1,19,13177,152.548,167.844,172.906,164.433,145.557
12,2025,8,1,19,13177,145.557,152.548,167.844,155.316,159.0
12,2025,9,1,19,13177,159.0,145.557,152.548,152.368,152.882
12,2025,10,1,19,13177,152.882,159.0,145.557,152.48,150.21
12,2025,11,1,19,13177,150.21,152.882,159.0,154.031,162.64
12,2025,12,1,19,13177,162.64,150.21,152.882,155.244,153.552
12,2026,1,1,19,13177,153.552,162.64,150.21,155.467,134.335
12,2026,2,1,19,13177,134.335,153.552,162.64,150.176,154.645
12,2026,3,1,19,13177,154.645,134.335,153.552,147.511,137.115
12,2026,4,1,19,13177,137.115,154.645,134.335,142.032,143.925
12,2026,5,1,19,13177,143.925,137.115,154.645,145.228,154.589
12,2026,6,1,19,13177,154.589,143.925,137.115,145.21,130.436
13,2025,1,1,8,12064,110.551,127.622,97.307,111.827,95.156
13,2025,2,1,8,12064,95.156,110.551,127.622,111.11,104.957
13,2025,3,1,8,12064,104.957,95.156,110.551,103.555,104.254
13,2025,4,1,8,12064,104.254,104.957,95.156,101.456,92.254
13,2025,5,1,8,12064,92.254,104.254,104.957,100.488,83.9
13,2025,6,1,8,12064,83.9,92.254,104.254,93.469,98.347
13,2025,7,1,8,12064,98.347,83.9,92.254,91.5,71.149
13,2025,8,1,8,12064,71.149,98.347,83.9,84.465,83.377
13,2025,9,1,8,12064,83.377,71.149,98.347,84.291,89.099
13,2025,10,1,8,12064,89.099,83.377,71.149,81.208,63.229
13,2025,11,1,8,12064,63.229,89.099,83.377,78.568,69.933
13,2025,12,1,8,12064,69.933,63.229,89.099,74.087,60.49
13,2026,1,1,8,12064,60.49,69.933,63.229,64.551,78.807
13,2026,2,1,8,12064,78.807,60.49,69.933,69.743,58.155
13,2026,3,1,8,12064,58.155,78.807,60.49,65.817,63.618
13,2026,4,1,8,12064,63.618,58.155,78.807,66.86,72.315
13,2026,5,1,8,12064,72.315,63.618,58.155,64.696,66.349
13,2026,6,1,8,12064,66.349,72.315,63.618,67.427,54.927
14,2025,1,6,9,11938,192.606,148.612,68.647,136.622,137.86
14,2025,2,6,9,11938,137.86,192.606,148.612,159.693,143.524
14,2025,3,6,9,11938,143.524,137.86,192.606,157.997,151.937
14,2025,4,6,9,11938,151.937,143.524,137.86,144.44,158.823
14,2025,5,6,9,11938,158.823,151.937,143.524,151.428,165.237
14,2025,6,6,9,11938,165.237,158.823,151.937,158.666,142.696
14,2025,7,6,9,11938,142.696,165.237,158.823,155.585,149.923
14,2025,8,6,9,11938,149.923,142.696,165.237,152.619,157.426
14,2025,9,6,9,11938,157.426,149.923,142.696,150.015,155.019
14,2025,10,6,9,11938,155.019,157.426,149.923,154.123,148.703
14,2025,11,6,9,11938,148.703,155.019,157.426,153.716,154.583
14,2025,12,6,9,11938,154.583,148.703,155.019,152.768,163.318
14,2026,1,6,9,11938,163.318,154.583,148.703,155.535,168.366
14,2026,2,6,9,11938,168.366,163.318,154.583,162.089,166.551
14,2026,3,6,9,11938,166.551,168.366,163.318,166.078,174.832
14,2026,4,6,9,11938,174.832,166.551,168.366,169.916,157.039
14,2026,5,6,9,11938,157.039,174.832,166.551,166.141,151.981
14,2026,6,6,9,11938,151.981,157.039,174.832,161.284,167.46
15,2025,1,2,18,3406,247.773,281.877,103.047,210.899,190.525
15,2025,2,2,18,3406,190.525,247.773,281.877,240.058,220.141
15,2025,3,2,18,3406,220.141,190.525,247.773,219.48,206.662
15,2025,4,2,18,3406,206.662,220.141,190.525,205.776,181.777
15,2025,5,2,18,3406,181.777,206.662,220.141,202.86,176.921
15,2025,6,2,18,3406,176.921,181.777,206.662,188.453,182.378
15,2025,7,2,18,3406,182.378,176.921,181.777,180.359,166.745
15,2025,8,2,18,3406,166.745,182.378,176.921,175.348,152.673
15,2025,9,2,18,3406,152.673,166.745,182.378,167.265,159.57
15,2025,10,2,18,3406,159.57,152.673,166.745,159.663,145.734
15,2025,11,2,18,3406,145.734,159.57,152.673,152.659,162.048
15,2025,12,2,18,3406,162.048,145.734,159.57,155.784,147.328
15,2026,1,2,18,3406,147.328,162.048,145.734,151.703,158.393
15,2026,2,2,18,3406,158.393,147.328,162.048,155.923,163.082
15,2026,3,2,18,3406,163.082,158.393,147.328,156.268,143.888
15,2026,4,2,18,3406,143.888,163.082,158.393,155.121,156.142
15,2026,5,2,18,3406,156.142,143.888,163.082,154.371,147.732
15,2026,6,2,18,3406,147.732,156.142,143.888,149.254,140.299
16,2025,1,1,13,8753,295.476,155.923,213.956,221.785,190.925
16,2025,2,1,13,8753,190.925,295.476,155.923,214.108,197.258
16,2025,3,1,13,8753,197.258,190.925,295.476,227.886,182.875
16,2025,4,1,13,8753,182.875,197.258,190.925,190.353,180.377
16,2025,5,1,13,8753,180.377,182.875,197.258,186.837,153.984
16,2025,6,1,13,8753,153.984,180.377,182.875,172.412,166.685
16,2025,7,1,13,8753,166.685,153.984,180.377,167.015,141.725
16,2025,8,1,13,8753,141.725,166.685,153.984,154.132,127.351
16,2025,9,1,13,8753,127.351,141.725,166.685,145.254,130.477
16,2025,10,1,13,8753,130.477,127.351,141.725,133.185,130.245
16,2025,11,1,13,8753,130.245,130.477,127.351,129.358,114.929
16,2025,12,1,13,8753,114.929,130.245,130.477,125.217,120.599
16,2026,1,1,13,8753,120.599,114.929,130.245,121.924,115.286
16,2026,2,1,13,8753,115.286,120.599,114.929,116.938,107.759
16,2026,3,1,13,8753,107.759,115.286,120.599,114.548,111.709
16,2026,4,1,13,8753,111.709,107.759,115.286,111.584,99.83
16,2026,5,1,13,8753,99.83,111.709,107.759,106.433,109.588
16,2026,6,1,13,8753,109.588,99.83,111.709,107.042,88.832
17,2025,1,5,11,8967,280.985,287.73,163.511,244.075,223.251
17,2025,2,5,11,8967,223.251,280.985,287.73,263.989,239.393
17,2025,3,5,11,8967,239.393,223.251,280.985,247.876,211.146
17,2025,4,5,11,8967,211.146,239.393,223.251,224.597,216.949
17,2025,5,5,11,8967,216.949,211.146,239.393,222.496,203.586
17,2025,6,5,11,8967,203.586,216.949,211.146,210.56,199.427
17,2025,7,5,11,8967,199.427,203.586,216.949,206.654,186.276
17,2025,8,5,11,8967,186.276,199.427,203.586,196.43,189.738
17,2025,9,5,11,8967,189.738,186.276,199.427,191.814,181.993
17,2025,10,5,11,8967,181.993,189.738,186.276,186.002,166.757
17,2025,11,5,11,8967,166.757,181.993,189.738,179.496,176.07
17,2025,12,5,11,8967,176.07,166.757,181.993,174.94,164.079
17,2026,1,5,11,8967,164.079,176.07,166.757,168.969,170.671
17,2026,2,5,11,8967,170.671,164.079,176.07,170.273,154.426
17,2026,3,5,11,8967,154.426,170.671,164.079,163.059,160.867
17,2026,4,5,11,8967,160.867,154.426,170.671,161.988,155.173
17,2026,5,5,11,8967,155.173,160.867,154.426,156.822,164.128
17,2026,6,5,11,8967,164.128,155.173,160.867,160.056,150.658
18,2025,1,2,18,12502,166.029,137.34,205.599,169.656,167.511
18,2025,2,2,18,12502,167.511,166.029,137.34,156.96,153.055
18,2025,3,2,18,12502,153.055,167.511,166.029,162.198,165.461
18,2025,4,2,18,12502,165.461,153.055,167.511,162.009,170.302
18,2025,5,2,18,12502,170.302,165.461,153.055,162.939,164.283
18,2025,6,2,18,12502,164.283,170.302,165.461,166.682,164.777
18,2025,7,2,18,12502,164.777,164.283,170.302,166.454,153.354
18,2025,8,2,18,12502,153.354,164.777,164.283,160.805,160.519
18,2025,9,2,18,12502,160.519,153.354,164.777,159.55,158.24
18,2025,10,2,18,12502,158.24,160.519,153.354,157.371,140.83
18,2025,11,2,18,12502,140.83,158.24,160.519,153.196,163.457
18,2025,12,2,18,12502,163.457,140.83,158.24,154.176,142.678
18,2026,1,2,18,12502,142.678,163.457,140.83,148.988,141.054
18,2026,2,2,18,12502,141.054,142.678,163.457,149.063,155.994
18,2026,3,2,18,12502,155.994,141.054,142.678,146.575,134.352
18,2026,4,2,18,12502,134.352,155.994,141.054,143.8,129.236
18,2026,5,2,18,12502,129.236,134.352,155.994,139.861,154.414
18,2026,6,2,18,12502,154.414,129.236,134.352,139.334,142.839
19,2025,1,1,19,9790,232.403,198.161,272.673,234.412,204.829
19,2025,2,1,19,9790,204.829,232.403,198.161,211.798,188.338
19,2025,3,1,19,9790,188.338,204.829,232.403,208.523,178.319
19,2025,4,1,19,9790,178.319,188.338,204.829,190.495,181.0
19,2025,5,1,19,9790,181.0,178.319,188.338,182.552,181.194
19,2025,6,1,19,9790,181.194,181.0,178.319,180.171,178.442
19,2025,7,1,19,9790,178.442,181.194,181.0,180.212,179.223
19,2025,8,1,19,9790,179.223,178.442,181.194,179.62,175.567
19,2025,9,1,19,9790,175.567,179.223,178.442,177.744,157.373
19,2025,10,1,19,9790,157.373,175.567,179.223,170.721,169.664
19,2025,11,1,19,9790,169.664,157.373,175.567,167.535,164.029
19,2025,12,1,19,9790,164.029,169.664,157.373,163.689,154.203
19,2026,1,1,19,9790,154.203,164.029,169.664,162.632,156.196
19,2026,2,1,19,9790,156.196,154.203,164.029,158.143,163.631
19,2026,3,1,19,9790,163.631,156.196,154.203,158.01,139.648
19,2026,4,1,19,9790,139.648,163.631,156.196,153.158,136.369
19,2026,5,1,19,9790,136.369,139.648,163.631,146.549,141.351
19,2026,6,1,19,9790,141.351,136.369,139.648,139.123,137.776
20,2025,1,5,15,10251,181.147,232.626,207.037,206.936,207.619
20,2025,2,5,15,10251,207.619,181.147,232.626,207.131,199.284
20,2025,3,5,15,10251,199.284,207.619,181.147,196.017,201.429
20,2025,4,5,15,10251,201.429,199.284,207.619,202.777,201.893
20,2025,5,5,15,10251,201.893,201.429,199.284,200.869,192.392
20,2025,6,5,15,10251,192.392,201.893,201.429,198.571,184.204
20,2025,7,5,15,10251,184.204,192.392,201.893,192.829,179.539
20,2025,8,5,15,10251,179.539,184.204,192.392,185.378,185.664
20,2025,9,5,15,10251,185.664,179.539,184.204,183.136,187.826
20,2025,10,5,15,10251,187.826,185.664,179.539,184.343,181.396
20,2025,11,5,15,10251,181.396,187.826,185.664,184.962,185.024
20,2025,12,5,15,10251,185.024,181.396,187.826,184.749,174.3
20,2026,1,5,15,10251,174.3,185.024,181.396,180.24,165.004
20,2026,2,5,15,10251,165.004,174.3,185.024,174.776,167.154
20,2026,3,5,15,10251,167.154,165.004,174.3,168.819,162.266
20,2026,4,5,15,10251,162.266,167.154,165.004,164.808,160.697
20,2026,5,5,15,10251,160.697,162.266,167.154,163.372,166.234
20,2026,6,5,15,10251,166.234,160.697,162.266,163.066,153.95
21,2025,1,2,17,14369,159.568,111.349,96.673,122.53,120.324
21,2025,2,2,17,14369,120.324,159.568,111.349,130.414,130.288
21,2025,3,2,17,14369,130.288,120.324,159.568,136.727,122.913
21,2025,4,2,17,14369,122.913,130.288,120.324,124.508,136.868
21,2025,5,2,17,14369,136.868,122.913,130.288,130.023,127.702
21,2025,6,2,17,14369,127.702,136.868,122.913,129.161,138.465
21,2025,7,2,17,14369,138.465,127.702,136.868,134.345,147.64
21,2025,8,2,17,14369,147.64,138.465,127.702,137.935,122.538
21,2025,9,2,17,14369,122.538,147.64,138.465,136.214,147.08
21,2025,10,2,17,14369,147.08,122.538,147.64,139.086,140.085
21,2025,11,2,17,14369,140.085,147.08,122.538,136.568,135.235
21,2025,12,2,17,14369,135.235,140.085,147.08,140.8,152.382
21,2026,1,2,17,14369,152.382,135.235,140.085,142.568,134.384
21,2026,2,2,17,14369,134.384,152.382,135.235,140.667,135.7
21,2026,3,2,17,14369,135.7,134.384,152.382,140.822,150.866
21,2026,4,2,17,14369,150.866,135.7,134.384,140.317,148.809
21,2026,5,2,17,14369,148.809,150.866,135.7,145.125,143.49
21,2026,6,2,17,14369,143.49,148.809,150.866,147.722,151.33
22,2025,1,5,12,10999,66.966,164.601,112.661,114.743,119.141
22,2025,2,5,12,10999,119.141,66.966,164.601,116.902,131.051
22,2025,3,5,12,10999,131.051,119.141,66.966,105.719,114.419
22,2025,4,5,12,10999,114.419,131.051,119.141,121.537,119.104
22,2025,5,5,12,10999,119.104,114.419,131.051,121.525,128.165
22,2025,6,5,12,10999,128.165,119.104,114.419,120.563,117.251
22,2025,7,5,12,10999,117.251,128.165,119.104,121.507,132.798
22,2025,8,5,12,10999,132.798,117.251,128.165,126.071,118.362
22,2025,9,5,12,10999,118.362,132.798,117.251,122.804,126.923
22,2025,10,5,12,10999,126.923,118.362,132.798,126.028,134.453
22,2025,11,5,12,10999,134.453,126.923,118.362,126.58,118.748
22,2025,12,5,12,10999,118.748,134.453,126.923,126.708,137.313
22,2026,1,5,12,10999,137.313,118.748,134.453,130.171,124.699
22,2026,2,5,12,10999,124.699,137.313,118.748,126.92,132.041
22,2026,3,5,12,10999,132.041,124.699,137.313,131.351,123.022
22,2026,4,5,12,10999,123.022,132.041,124.699,126.588,129.314
22,2026,5,5,12,10999,129.314,123.022,132.041,128.126,125.444
22,2026,6,5,12,10999,125.444,129.314,123.022,125.927,127.25
23,2025,1,4,13,9906,64.652,79.657,120.545,88.285,102.896
23,2025,2,4,13,9906,102.896,64.652,79.657,82.402,112.299
23,2025,3,4,13,9906,112.299,102.896,64.652,93.282,100.961
23,2025,4,4,13,9906,100.961,112.299,102.896,105.385,119.043
23,2025,5,4,13,9906,119.043,100.961,112.299,110.767,127.013
23,2025,6,4,13,9906,127.013,119.043,100.961,115.672,126.807
23,2025,7,4,13,9906,126.807,127.013,119.043,124.287,136.343
23,2025,8,4,13,9906,136.343,126.807,127.013,130.054,146.529
23,2025,9,4,13,9906,146.529,136.343,126.807,136.559,128.9
23,2025,10,4,13,9906,128.9,146.529,136.343,137.257,124.054
23,2025,11,4,13,9906,124.054,128.9,146.529,133.161,124.942
23,2025,12,4,13,9906,124.942,124.054,128.9,125.966,118.761
23,2026,1,4,13,9906,118.761,124.942,124.054,122.586,132.523
23,2026,2,4,13,9906,132.523,118.761,124.942,125.409,131.476
23,2026,3,4,13,9906,131.476,132.523,118.761,127.587,122.729
23,2026,4,4,13,9906,122.729,131.476,132.523,128.909,138.166
23,2026,5,4,13,9906,138.166,122.729,131.476,130.79,141.6
23,2026,6,4,13,9906,141.6,138.166,122.729,134.165,126.157
24,2025,1,5,8,5683,66.163,85.944,291.533,147.88,137.269
24,2025,2,5,8,5683,137.269,66.163,85.944,96.458,109.664
24,2025,3,5,8,5683,109.664,137.269,66.163,104.365,124.019
24,2025,4,5,8,5683,124.019,109.664,137.269,123.651,121.638
24,2025,5,5,8,5683,121.638,124.019,109.664,118.44,127.281
24,2025,6,5,8,5683,127.281,121.638,124.019,124.312,112.514
24,2025,7,5,8,5683,112.514,127.281,121.638,120.478,128.077
24,2025,8,5,8,5683,128.077,112.514,127.281,122.624,127.785
24,2025,9,5,8,5683,127.785,128.077,112.514,122.792,112.151
24,2025,10,5,8,5683,112.151,127.785,128.077,122.671,132.178
24,2025,11,5,8,5683,132.178,112.151,127.785,124.038,135.537
24,2025,12,5,8,5683,135.537,132.178,112.151,126.622,129.979
24,2026,1,5,8,5683,129.979,135.537,132.178,132.565,120.055
24,2026,2,5,8,5683,120.055,129.979,135.537,128.524,142.908
24,2026,3,5,8,5683,142.908,120.055,129.979,130.981,138.715
24,2026,4,5,8,5683,138.715,142.908,120.055,133.893,127.836
24,2026,5,5,8,5683,127.836,138.715,142.908,136.486,132.216
24,2026,6,5,8,5683,132.216,127.836,138.715,132.922,127.809
25,2025,1,5,15,3207,85.329,257.359,263.898,202.196,207.97
25,2025,2,5,15,3207,207.97,85.329,257.359,183.553,184.232
25,2025,3,5,15,3207,184.232,207.97,85.329,159.177,171.744
25,2025,4,5,15,3207,171.744,184.232,207.97,187.982,189.706
25,2025,5,5,15,3207,189.706,171.744,184.232,181.894,176.985
25,2025,6,5,15,3207,176.985,189.706,171.744,179.478,184.123
25,2025,7,5,15,3207,184.123,176.985,189.706,183.605,194.168
25,2025,8,5,15,3207,194.168,184.123,176.985,185.092,174.421
25,2025,9,5,15,3207,174.421,194.168,184.123,184.237,189.924
25,2025,10,5,15,3207,189.924,174.421,194.168,186.171,183.273
25,2025,11,5,15,3207,183.273,189.924,174.421,182.54,178.91
25,2025,12,5,15,3207,178.91,183.273,189.924,184.036,178.594
25,2026,1,5,15,3207,178.594,178.91,183.273,180.259,184.625
25,2026,2,5,15,3207,184.625,178.594,178.91,180.71,171.084
25,2026,3,5,15,3207,171.084,184.625,178.594,178.101,186.627
25,2026,4,5,15,3207,186.627,171.084,184.625,180.779,188.006
25,2026,5,5,15,3207,188.006,186.627,171.084,181.906,166.529
25,2026,6,5,15,3207,166.529,188.006,186.627,180.387,189.24
26,2025,1,2,19,12336,66.888,150.957,206.48,141.442,153.11
26,2025,2,2,19,12336,153.11,66.888,150.957,123.652,119.694
26,2025,3,2,19,12336,119.694,153.11,66.888,113.231,112.787
26,2025,4,2,19,12336,112.787,119.694,153.11,128.53,141.833
26,2025,5,2,19,12336,141.833,112.787,119.694,124.771,125.288
26,2025,6,2,19,12336,125.288,141.833,112.787,126.636,142.886
26,2025,7,2,19,12336,142.886,125.288,141.833,136.669,145.037
26,2025,8,2,19,12336,145.037,142.886,125.288,137.737,133.091
26,2025,9,2,19,12336,133.091,145.037,142.886,140.338,127.058
26,2025,10,2,19,12336,127.058,133.091,145.037,135.062,151.239
26,2025,11,2,19,12336,151.239,127.058,133.091,137.129,126.915
26,2025,12,2,19,12336,126.915,151.239,127.058,135.071,144.405
26,2026,1,2,19,12336,144.405,126.915,151.239,140.853,141.797
26,2026,2,2,19,12336,141.797,144.405,126.915,137.706,147.524
26,2026,3,2,19,12336,147.524,141.797,144.405,144.576,150.65
26,2026,4,2,19,12336,150.65,147.524,141.797,146.657,150.87
26,2026,5,2,19,12336,150.87,150.65,147.524,149.681,148.486
26,2026,6,2,19,12336,148.486,150.87,150.65,150.002,157.789
27,2025,1,1,14,6630,219.35,118.393,157.056,164.933,144.771
27,2025,2,1,14,6630,144.771,219.35,118.393,160.838,147.233
27,2025,3,1,14,6630,147.233,144.771,219.35,170.451,148.151
27,2025,4,1,14,6630,148.151,147.233,144.771,146.718,149.938
27,2025,5,1,14,6630,149.938,148.151,147.233,148.44,137.842
27,2025,6,1,14,6630,137.842,149.938,148.151,145.31,129.537
27,2025,7,1,14,6630,129.537,137.842,149.938,139.106,127.942
27,2025,8,1,14,6630,127.942,129.537,137.842,131.774,118.029
27,2025,9,1,14,6630,118.029,127.942,129.537,125.169,110.793
27,2025,10,1,14,6630,110.793,118.029,127.942,118.921,120.829
27,2025,11,1,14,6630,120.829,110.793,118.029,116.55,106.879
27,2025,12,1,14,6630,106.879,120.829,110.793,112.834,116.912
27,2026,1,1,14,6630,116.912,106.879,120.829,114.873,124.681
27,2026,2,1,14,6630,124.681,116.912,106.879,116.157,117.823
27,2026,3,1,14,6630,117.823,124.681,116.912,119.805,105.6
27,2026,4,1,14,6630,105.6,117.823,124.681,116.035,119.184
27,2026,5,1,14,6630,119.184,105.6,117.823,114.203,103.947
27,2026,6,1,14,6630,103.947,119.184,105.6,109.577,109.87
28,2025,1,5,14,4647,146.611,131.099,259.831,179.18,169.453
28,2025,2,5,14,4647,169.453,146.611,131.099,149.055,159.032
28,2025,3,5,14,4647,159.032,169.453,146.611,158.365,148.572
28,2025,4,5,14,4647,148.572,159.032,169.453,159.019,146.63
28,2025,5,5,14,4647,146.63,148.572,159.032,151.411,141.194
28,2025,6,5,14,4647,141.194,146.63,148.572,145.465,143.863
28,2025,7,5,14,4647,143.863,141.194,146.63,143.895,162.244
28,2025,8,5,14,4647,162.244,143.863,141.194,149.1,156.961
28,2025,9,5,14,4647,156.961,162.244,143.863,154.356,164.351
28,2025,10,5,14,4647,164.351,156.961,162.244,161.186,149.967
28,2025,11,5,14,4647,149.967,164.351,156.961,157.093,144.188
28,2025,12,5,14,4647,144.188,149.967,164.351,152.835,149.157
28,2026,1,5,14,4647,149.157,144.188,149.967,147.77,151.189
28,2026,2,5,14,4647,151.189,149.157,144.188,148.178,147.355
28,2026,3,5,14,4647,147.355,151.189,149.157,149.233,166.89
28,2026,4,5,14,4647,166.89,147.355,151.189,155.145,149.933
28,2026,5,5,14,4647,149.933,166.89,147.355,154.726,167.896
28,2026,6,5,14,4647,167.896,149.933,166.89,161.573,150.602
29,2025,1,1,17,11056,72.866,211.067,77.78,120.571,109.404
29,2025,2,1,17,11056,109.404,72.866,211.067,131.112,129.72
29,2025,3,1,17,11056,129.72,109.404,72.866,103.997,101.613
29,2025,4,1,17,11056,101.613,129.72,109.404,113.579,129.502
29,2025,5,1,17,11056,129.502,101.613,129.72,120.278,108.262
29,2025,6,1,17,11056,108.262,129.502,101.613,113.125,122.277
29,2025,7,1,17,11056,122.277,108.262,129.502,120.014,122.7
29,2025,8,1,17,11056,122.7,122.277,108.262,117.746,126.532
29,2025,9,1,17,11056,126.532,122.7,122.277,123.836,114.148
29,2025,10,1,17,11056,114.148,126.532,122.7,121.127,121.022
29,2025,11,1,17,11056,121.022,114.148,126.532,120.567,118.441
29,2025,12,1,17,11056,118.441,121.022,114.148,117.87,116.184
29,2026,1,1,17,11056,116.184,118.441,121.022,118.549,129.217
29,2026,2,1,17,11056,129.217,116.184,118.441,121.281,135.161
29,2026,3,1,17,11056,135.161,129.217,116.184,126.854,118.802
29,2026,4,1,17,11056,118.802,135.161,129.217,127.727,128.926
29,2026,5,1,17,11056,128.926,118.802,135.161,127.63,128.511
29,2026,6,1,17,11056,128.511,128.926,118.802,125.413,130.762
30,2025,1,2,11,7335,101.715,97.694,218.503,139.304,116.23
30,2025,2,2,11,7335,116.23,101.715,97.694,105.213,88.49
30,2025,3,2,11,7335,88.49,116.23,101.715,102.145,99.624
30,2025,4,2,11,7335,99.624,88.49,116.23,101.448,103.4
30,2025,5,2,11,7335,103.4,99.624,88.49,97.171,91.116
30,2025,6,2,11,7335,91.116,103.4,99.624,98.047,89.979
30,2025,7,2,11,7335,89.979,91.116,103.4,94.832,101.833
30,2025,8,2,11,7335,101.833,89.979,91.116,94.309,101.322
30,2025,9,2,11,7335,101.322,101.833,89.979,97.711,96.404
30,2025,10,2,11,7335,96.404,101.322,101.833,99.853,105.011
30,2025,11,2,11,7335,105.011,96.404,101.322,100.912,112.902
30,2025,12,2,11,7335,112.902,105.011,96.404,104.772,111.714
30,2026,1,2,11,7335,111.714,112.902,105.011,109.876,110.659
30,2026,2,2,11,7335,110.659,111.714,112.902,111.758,113.154
30,2026,3,2,11,7335,113.154,110.659,111.714,111.842,121.392
30,2026,4,2,11,7335,121.392,113.154,110.659,115.068,108.555
30,2026,5,2,11,7335,108.555,121.392,113.154,114.367,111.612
30,2026,6,2,11,7335,111.612,108.555,121.392,113.853,114.319
31,2025,1,3,9,4169,202.811,250.231,74.313,175.785,167.066
31,2025,2,3,9,4169,167.066,202.811,250.231,206.702,193.163
31,2025,3,3,9,4169,193.163,167.066,202.811,187.68,164.434
31,2025,4,3,9,4169,164.434,193.163,167.066,174.888,155.727
31,2025,5,3,9,4169,155.727,164.434,193.163,171.108,147.954
31,2025,6,3,9,4169,147.954,155.727,164.434,156.038,139.604
31,2025,7,3,9,4169,139.604,147.954,155.727,147.761,129.488
31,2025,8,3,9,4169,129.488,139.604,147.954,139.015,130.961
31,2025,9,3,9,4169,130.961,129.488,139.604,133.351,123.646
31,2025,10,3,9,4169,123.646,130.961,129.488,128.032,124.465
31,2025,11,3,9,4169,124.465,123.646,130.961,126.357,131.951
31,2025,12,3,9,4169,131.951,124.465,123.646,126.687,127.551
31,2026,1,3,9,4169,127.551,131.951,124.465,127.989,124.603
31,2026,2,3,9,4169,124.603,127.551,131.951,128.035,107.302
31,2026,3,3,9,4169,107.302,124.603,127.551,119.819,107.232
31,2026,4,3,9,4169,107.232,107.302,124.603,113.046,115.513
31,2026,5,3,9,4169,115.513,107.232,107.302,110.016,118.827
31,2026,6,3,9,4169,118.827,115.513,107.232,113.858,113.507
32,2025,1,1,13,12441,172.92,241.505,69.656,161.36,149.065
32,2025,2,1,13,12441,149.065,172.92,241.505,187.83,176.855
32,2025,3,1,13,12441,176.855,149.065,172.92,166.28,138.655
32,2025,4,1,13,12441,138.655,176.855,149.065,154.858,142.204
32,2025,5,1,13,12441,142.204,138.655,176.855,152.571,141.972
32,2025,6,1,13,12441,141.972,142.204,138.655,140.943,128.959
32,2025,7,1,13,12441,128.959,141.972,142.204,137.712,114.521
32,2025,8,1,13,12441,114.521,128.959,141.972,128.484,115.302
32,2025,9,1,13,12441,115.302,114.521,128.959,119.594,108.195
32,2025,10,1,13,12441,108.195,115.302,114.521,112.673,113.108
32,2025,11,1,13,12441,113.108,108.195,115.302,112.202,118.383
32,2025,12,1,13,12441,118.383,113.108,108.195,113.229,103.316
32,2026,1,1,13,12441,103.316,118.383,113.108,111.602,113.012
32,2026,2,1,13,12441,113.012,103.316,118.383,111.57,100.824
32,2026,3,1,13,12441,100.824,113.012,103.316,105.717,116.144
32,2026,4,1,13,12441,116.144,100.824,113.012,109.993,115.402
32,2026,5,1,13,12441,115.402,116.144,100.824,110.79,108.095
32,2026,6,1,13,12441,108.095,115.402,116.144,113.214,107.055
33,2025,1,3,13,8296,267.579,245.412,87.821,200.27,191.451
33,2025,2,3,13,8296,191.451,267.579,245.412,234.814,192.645
33,2025,3,3,13,8296,192.645,191.451,267.579,217.225,205.499
33,2025,4,3,13,8296,205.499,192.645,191.451,196.532,177.758
33,2025,5,3,13,8296,177.758,205.499,192.645,191.967,162.102
33,2025,6,3,13,8296,162.102,177.758,205.499,181.786,168.393
33,2025,7,3,13,8296,168.393,162.102,177.758,169.418,162.242
33,2025,8,3,13,8296,162.242,168.393,162.102,164.246,154.639
33,2025,9,3,13,8296,154.639,162.242,168.393,161.758,151.08
33,2025,10,3,13,8296,151.08,154.639,162.242,155.987,135.039
33,2025,11,3,13,8296,135.039,151.08,154.639,146.919,134.701
33,2025,12,3,13,8296,134.701,135.039,151.08,140.273,125.635
33,2026,1,3,13,8296,125.635,134.701,135.039,131.792,123.985
33,2026,2,3,13,8296,123.985,125.635,134.701,128.107,139.006
33,2026,3,3,13,8296,139.006,123.985,125.635,129.542,128.198
33,2026,4,3,13,8296,128.198,139.006,123.985,130.396,115.163
33,2026,5,3,13,8296,115.163,128.198,139.006,127.455,130.992
33,2026,6,3,13,8296,130.992,115.163,128.198,124.784,134.068
34,2025,1,6,10,8091,82.37,192.54,192.201,155.704,170.546
34,2025,2,6,10,8091,170.546,82.37,192.54,148.485,162.752
34,2025,3,6,10,8091,162.752,170.546,82.37,138.556,141.76
34,2025,4,6,10,8091,141.76,162.752,170.546,158.353,146.288
34,2025,5,6,10,8091,146.288,141.76,162.752,150.267,161.665
34,2025,6,6,10,8091,161.665,146.288,141.76,149.904,151.38
34,2025,7,6,10,8091,151.38,161.665,146.288,153.111,160.331
34,2025,8,6,10,8091,160.331,151.38,161.665,157.792,157.61
34,2025,9,6,10,8091,157.61,160.331,151.38,156.44,149.533
34,2025,10,6,10,8091,149.533,157.61,160.331,155.825,165.91
34,2025,11,6,10,8091,165.91,149.533,157.61,157.684,171.671
34,2025,12,6,10,8091,171.671,165.91,149.533,162.371,153.09
34,2026,1,6,10,8091,153.09,171.671,165.91,163.557,163.206
34,2026,2,6,10,8091,163.206,153.09,171.671,162.656,157.499
34,2026,3,6,10,8091,157.499,163.206,153.09,157.932,170.105
34,2026,4,6,10,8091,170.105,157.499,163.206,163.603,161.95
34,2026,5,6,10,8091,161.95,170.105,157.499,163.185,172.768
34,2026,6,6,10,8091,172.768,161.95,170.105,168.274,176.127
35,2025,1,3,18,8568,256.932,181.857,284.22,241.003,213.237
35,2025,2,3,18,8568,213.237,256.932,181.857,217.342,195.963
35,2025,3,3,18,8568,195.963,213.237,256.932,222.044,208.141
35,2025,4,3,18,8568,208.141,195.963,213.237,205.781,208.303
35,2025,5,3,18,8568,208.303,208.141,195.963,204.136,191.791
35,2025,6,3,18,8568,191.791,208.303,208.141,202.745,180.517
35,2025,7,3,18,8568,180.517,191.791,208.303,193.537,185.31
35,2025,8,3,18,8568,185.31,180.517,191.791,185.872,173.758
35,2025,9,3,18,8568,173.758,185.31,180.517,179.862,175.454
35,2025,10,3,18,8568,175.454,173.758,185.31,178.174,173.933
35,2025,11,3,18,8568,173.933,175.454,173.758,174.382,168.447
35,2025,12,3,18,8568,168.447,173.933,175.454,172.611,163.112
35,2026,1,3,18,8568,163.112,168.447,173.933,168.497,156.032
35,2026,2,3,18,8568,156.032,163.112,168.447,162.53,166.823
35,2026,3,3,18,8568,166.823,156.032,163.112,161.989,162.646
35,2026,4,3,18,8568,162.646,166.823,156.032,161.834,152.382
35,2026,5,3,18,8568,152.382,162.646,166.823,160.617,167.729
35,2026,6,3,18,8568,167.729,152.382,162.646,160.919,145.999
36,2025,1,6,20,14554,297.219,151.495,279.223,242.646,244.756
36,2025,2,6,20,14554,244.756,297.219,151.495,231.157,231.928
36,2025,3,6,20,14554,231.928,244.756,297.219,257.968,237.039
36,2025,4,6,20,14554,237.039,231.928,244.756,237.908,246.376
36,2025,5,6,20,14554,246.376,237.039,231.928,238.448,221.623
36,2025,6,6,20,14554,221.623,246.376,237.039,235.013,244.22
36,2025,7,6,20,14554,244.22,221.623,246.376,237.406,227.015
36,2025,8,6,20,14554,227.015,244.22,221.623,230.953,215.225
36,2025,9,6,20,14554,215.225,227.015,244.22,228.82,235.966
36,2025,10,6,20,14554,235.966,215.225,227.015,226.069,211.543
36,2025,11,6,20,14554,211.543,235.966,215.225,220.912,231.997
36,2025,12,6,20,14554,231.997,211.543,235.966,226.502,209.337
36,2026,1,6,20,14554,209.337,231.997,211.543,217.626,206.544
36,2026,2,6,20,14554,206.544,209.337,231.997,215.959,227.097
36,2026,3,6,20,14554,227.097,206.544,209.337,214.326,228.843
36,2026,4,6,20,14554,228.843,227.097,206.544,220.828,206.866
36,2026,5,6,20,14554,206.866,228.843,227.097,220.936,228.147
36,2026,6,6,20,14554,228.147,206.866,228.843,221.286,212.915
37,2025,1,5,17,13646,221.846,138.856,79.276,146.659,156.503
37,2025,2,5,17,13646,156.503,221.846,138.856,172.402,188.425
37,2025,3,5,17,13646,188.425,156.503,221.846,188.925,190.997
37,2025,4,5,17,13646,190.997,188.425,156.503,178.642,191.105
37,2025,5,5,17,13646,191.105,190.997,188.425,190.176,187.77
37,2025,6,5,17,13646,187.77,191.105,190.997,189.957,189.199
37,2025,7,5,17,13646,189.199,187.77,191.105,189.358,191.042
37,2025,8,5,17,13646,191.042,189.199,187.77,189.337,179.546
37,2025,9,5,17,13646,179.546,191.042,189.199,186.596,190.979
37,2025,10,5,17,13646,190.979,179.546,191.042,187.189,179.513
37,2025,11,5,17,13646,179.513,190.979,179.546,183.346,174.834
37,2025,12,5,17,13646,174.834,179.513,190.979,181.775,169.543
37,2026,1,5,17,13646,169.543,174.834,179.513,174.63,190.823
37,2026,2,5,17,13646,190.823,169.543,174.834,178.4,187.111
37,2026,3,5,17,13646,187.111,190.823,169.543,182.492,188.486
37,2026,4,5,17,13646,188.486,187.111,190.823,188.806,175.12
37,2026,5,5,17,13646,175.12,188.486,187.111,183.572,173.17
37,2026,6,5,17,13646,173.17,175.12,188.486,178.925,173.678
38,2025,1,1,6,8314,149.962,130.408,251.074,177.148,135.228
38,2025,2,1,6,8314,135.228,149.962,130.408,138.533,117.835
38,2025,3,1,6,8314,117.835,135.228,149.962,134.342,115.734
38,2025,4,1,6,8314,115.734,117.835,135.228,122.932,113.975
38,2025,5,1,6,8314,113.975,115.734,117.835,115.848,89.985
38,2025,6,1,6,8314,89.985,113.975,115.734,106.565,80.293
38,2025,7,1,6,8314,80.293,89.985,113.975,94.751,95.188
38,2025,8,1,6,8314,95.188,80.293,89.985,88.489,82.958
38,2025,9,1,6,8314,82.958,95.188,80.293,86.146,69.835
38,2025,10,1,6,8314,69.835,82.958,95.188,82.66,87.38
38,2025,11,1,6,8314,87.38,69.835,82.958,80.058,62.337
38,2025,12,1,6,8314,62.337,87.38,69.835,73.184,66.722
38,2026,1,1,6,8314,66.722,62.337,87.38,72.146,59.729
38,2026,2,1,6,8314,59.729,66.722,62.337,62.929,52.857
38,2026,3,1,6,8314,52.857,59.729,66.722,59.769,43.109
38,2026,4,1,6,8314,43.109,52.857,59.729,51.898,61.063
38,2026,5,1,6,8314,61.063,43.109,52.857,52.343,64.293
38,2026,6,1,6,8314,64.293,61.063,43.109,56.155,60.445
39,2025,1,2,7,10237,131.797,297.036,286.857,238.563,211.283
39,2025,2,2,7,10237,211.283,131.797,297.036,213.372,184.239
39,2025,3,2,7,10237,184.239,211.283,131.797,175.773,149.035
39,2025,4,2,7,10237,149.035,184.239,211.283,181.519,148.703
39,2025,5,2,7,10237,148.703,149.035,184.239,160.659,153.975
39,2025,6,2,7,10237,153.975,148.703,149.035,150.571,142.028
39,2025,7,2,7,10237,142.028,153.975,148.703,148.235,117.876
39,2025,8,2,7,10237,117.876,142.028,153.975,137.96,118.411
39,2025,9,2,7,10237,118.411,117.876,142.028,126.105,108.848
39,2025,10,2,7,10237,108.848,118.411,117.876,115.045,98.66
39,2025,11,2,7,10237,98.66,108.848,118.411,108.639,105.958
39,2025,12,2,7,10237,105.958,98.66,108.848,104.488,82.525
39,2026,1,2,7,10237,82.525,105.958,98.66,95.714,100.187
39,2026,2,2,7,10237,100.187,82.525,105.958,96.223,87.541
39,2026,3,2,7,10237,87.541,100.187,82.525,90.084,71.306
39,2026,4,2,7,10237,71.306,87.541,100.187,86.345,94.211
39,2026,5,2,7,10237,94.211,71.306,87.541,84.353,90.114
39,2026,6,2,7,10237,90.114,94.211,71.306,85.21,96.616
40,2025,1,5,20,7689,252.464,115.228,246.178,204.623,195.038
40,2025,2,5,20,7689,195.038,252.464,115.228,187.577,181.386
40,2025,3,5,20,7689,181.386,195.038,252.464,209.629,199.741
40,2025,4,5,20,7689,199.741,181.386,195.038,192.055,201.709
40,2025,5,5,20,7689,201.709,199.741,181.386,194.279,203.733
40,2025,6,5,20,7689,203.733,201.709,199.741,201.727,206.721
40,2025,7,5,20,7689,206.721,203.733,201.709,204.054,192.144
40,2025,8,5,20,7689,192.144,206.721,203.733,200.866,188.564
40,2025,9,5,20,7689,188.564,192.144,206.721,195.81,200.681
40,2025,10,5,20,7689,200.681,188.564,192.144,193.797,181.53
40,2025,11,5,20,7689,181.53,200.681,188.564,190.259,201.352
40,2025,12,5,20,7689,201.352,181.53,200.681,194.521,181.892
40,2026,1,5,20,7689,181.892,201.352,181.53,188.258,187.139
40,2026,2,5,20,7689,187.139,181.892,201.352,190.128,181.538
40,2026,3,5,20,7689,181.538,187.139,181.892,183.523,199.931
40,2026,4,5,20,7689,199.931,181.538,187.139,189.536,186.954
40,2026,5,5,20,7689,186.954,199.931,181.538,189.474,189.571
40,2026,6,5,20,7689,189.571,186.954,199.931,192.152,185.138
